{
  "client\\eslint.config.js": 1771500689.8191588,
  "client\\vite.config.ts": 1771500689.9204164,
  "client\\src\\App.tsx": 1776508510.491146,
  "client\\src\\main.tsx": 1776502866.25863,
  "client\\src\\vite-env.d.ts": 1772874371.264845,
  "client\\src\\api\\axios.ts": 1773911284.8155968,
  "client\\src\\components\\BackBodySvg.tsx": 1772880835.8214273,
  "client\\src\\components\\BodySVG.tsx": 1773140083.0142298,
  "client\\src\\components\\BottomNav.tsx": 1776508527.9279382,
  "client\\src\\components\\DatePicker.tsx": 1773146567.0828955,
  "client\\src\\components\\ForceLogoutOverlay.tsx": 1773911304.3514705,
  "client\\src\\components\\FrontBodySvg.tsx": 1772895878.0324996,
  "client\\src\\components\\PageLoader.tsx": 1773143107.1717148,
  "client\\src\\components\\Sidebar.tsx": 1776508510.3944707,
  "client\\src\\components\\test.js": 1772875901.6932,
  "client\\src\\components\\ThemeToggle.tsx": 1776507159.7210066,
  "client\\src\\components\\Toast.tsx": 1773141907.1019578,
  "client\\src\\components\\VoiceAssistant.tsx": 1776498008.6127262,
  "client\\src\\context\\AuthContext.tsx": 1776507215.008778,
  "client\\src\\hooks\\useTheme.ts": 1776507159.7210066,
  "client\\src\\hooks\\useVoiceActions.ts": 1775283458.9292917,
  "client\\src\\hooks\\useVoiceCommand.ts": 1775936523.8857737,
  "client\\src\\layouts\\AdminLayout.tsx": 1776508371.132761,
  "client\\src\\layouts\\SuperAdminLayout.tsx": 1776508371.1287453,
  "client\\src\\pages\\AIAssistantPage.tsx": 1776510024.1548803,
  "client\\src\\pages\\AuthPage.tsx": 1776507248.0400403,
  "client\\src\\pages\\BodyMapPage.tsx": 1773143121.0477655,
  "client\\src\\pages\\DashboardPage.tsx": 1776498008.5671494,
  "client\\src\\pages\\NutritionPage.tsx": 1776502935.805942,
  "client\\src\\pages\\ProfilePage.tsx": 1776502897.3746345,
  "client\\src\\pages\\SettingsPage.tsx": 1776507295.8887537,
  "client\\src\\pages\\StatisticsPage.tsx": 1773143107.1717148,
  "client\\src\\pages\\WorkoutsPage.tsx": 1776502911.3948243,
  "client\\src\\pages\\admin\\AdminDashboardPage.tsx": 1773220792.1596775,
  "client\\src\\pages\\admin\\AdminRegisterPage.tsx": 1776502965.8786428,
  "client\\src\\pages\\admin\\MembersPage.tsx": 1776502949.3455553,
  "client\\src\\pages\\superadmin\\AdminDetailPage.tsx": 1773220790.1422806,
  "client\\src\\pages\\superadmin\\AdminsPage.tsx": 1773220947.7882354,
  "client\\src\\pages\\superadmin\\AllUsersPage.tsx": 1776510174.8759682,
  "client\\src\\pages\\superadmin\\ExercisesPage.tsx": 1776502985.1077058,
  "client\\src\\pages\\superadmin\\FoodsPage.tsx": 1776502986.2188883,
  "client\\src\\pages\\superadmin\\OverviewPage.tsx": 1775283458.9347332,
  "client\\src\\utils\\voiceCommandParser.ts": 1775283458.9385188,
  "scripts\\convert_front.js": 1772895861.7346852,
  "server\\server.js": 1776495471.6973126,
  "server\\config\\db.js": 1772868750.194199,
  "server\\middleware\\auth.js": 1776510037.7349963,
  "server\\models\\Exercise.js": 1772868764.6170964,
  "server\\models\\FoodItem.js": 1773144165.5820093,
  "server\\models\\MealEntry.js": 1773144165.5820093,
  "server\\models\\Otp.js": 1776506928.8539133,
  "server\\models\\PlatformSettings.js": 1775283458.9393659,
  "server\\models\\User.js": 1776510037.2521617,
  "server\\models\\WorkoutSession.js": 1772868768.1488101,
  "server\\routes\\adminPanel.js": 1776495471.6973126,
  "server\\routes\\analytics.js": 1776495471.6973126,
  "server\\routes\\auth.js": 1776510044.5969481,
  "server\\routes\\exercises.js": 1772868804.4282384,
  "server\\routes\\foods.js": 1773144332.680873,
  "server\\routes\\meals.js": 1776495471.6973126,
  "server\\routes\\superAdmin.js": 1776510097.4166322,
  "server\\routes\\voice.js": 1776495471.6973126,
  "server\\routes\\workouts.js": 1776495471.6973126,
  "server\\seed\\seedData.js": 1775283458.9403732,
  "server\\seed\\seedSuperAdmin.js": 1773220485.1210208,
  "server\\utils\\mailer.js": 1776506966.9781568,
  "server\\utils\\otp.js": 1776506966.9781568,
  "MOBILE_FIRST_CHANGES.md": 1776510282.174998,
  "client\\README.md": 1771500689.8729246,
  "graphify-out\\GRAPH_REPORT.md": 1776510389.502841,
  "client\\public\\logo.jpg": 1775283458.927713,
  "client\\public\\logo1.png": 1775283458.9282665,
  "client\\public\\logo2.jpg": 1775283458.9292917,
  "client\\public\\vite.svg": 1771500689.901358,
  "client\\src\\assets\\react.svg": 1771500689.884655,
  "client\\src\\components\\back-body.svg": 1772874116.3444142,
  "client\\src\\components\\body_map.svg": 1772895705.1283977
}