{
  "client\\eslint.config.js": 1771500689.8191588,
  "client\\vite.config.ts": 1771500689.9204164,
  "client\\src\\App.tsx": 1774257725.7119238,
  "client\\src\\main.tsx": 1771500689.9235146,
  "client\\src\\vite-env.d.ts": 1772874371.264845,
  "client\\src\\api\\axios.ts": 1773911284.8155968,
  "client\\src\\components\\BackBodySvg.tsx": 1772880835.8214273,
  "client\\src\\components\\BodySVG.tsx": 1773140083.0142298,
  "client\\src\\components\\DatePicker.tsx": 1773146567.0828955,
  "client\\src\\components\\ForceLogoutOverlay.tsx": 1773911304.3514705,
  "client\\src\\components\\FrontBodySvg.tsx": 1772895878.0324996,
  "client\\src\\components\\PageLoader.tsx": 1773143107.1717148,
  "client\\src\\components\\Sidebar.tsx": 1774257725.7163486,
  "client\\src\\components\\test.js": 1772875901.6932,
  "client\\src\\components\\Toast.tsx": 1773141907.1019578,
  "client\\src\\components\\VoiceAssistant.tsx": 1776498008.6127262,
  "client\\src\\context\\AuthContext.tsx": 1775283458.9292917,
  "client\\src\\hooks\\useVoiceActions.ts": 1775283458.9292917,
  "client\\src\\hooks\\useVoiceCommand.ts": 1775936523.8857737,
  "client\\src\\layouts\\AdminLayout.tsx": 1773822597.1378198,
  "client\\src\\layouts\\SuperAdminLayout.tsx": 1773822612.9926777,
  "client\\src\\pages\\AIAssistantPage.tsx": 1775936523.8890827,
  "client\\src\\pages\\AuthPage.tsx": 1775283458.9347332,
  "client\\src\\pages\\BodyMapPage.tsx": 1773143121.0477655,
  "client\\src\\pages\\DashboardPage.tsx": 1776498008.5671494,
  "client\\src\\pages\\NutritionPage.tsx": 1776497468.7891307,
  "client\\src\\pages\\ProfilePage.tsx": 1773142018.6778123,
  "client\\src\\pages\\StatisticsPage.tsx": 1773143107.1717148,
  "client\\src\\pages\\WorkoutsPage.tsx": 1776497468.7891307,
  "client\\src\\pages\\admin\\AdminDashboardPage.tsx": 1773220792.1596775,
  "client\\src\\pages\\admin\\AdminRegisterPage.tsx": 1773220864.0145411,
  "client\\src\\pages\\admin\\MembersPage.tsx": 1773222309.923615,
  "client\\src\\pages\\superadmin\\AdminDetailPage.tsx": 1773220790.1422806,
  "client\\src\\pages\\superadmin\\AdminsPage.tsx": 1773220947.7882354,
  "client\\src\\pages\\superadmin\\AllUsersPage.tsx": 1773224356.5524132,
  "client\\src\\pages\\superadmin\\ExercisesPage.tsx": 1773222243.9443536,
  "client\\src\\pages\\superadmin\\FoodsPage.tsx": 1773222183.4546583,
  "client\\src\\pages\\superadmin\\OverviewPage.tsx": 1775283458.9347332,
  "client\\src\\utils\\voiceCommandParser.ts": 1775283458.9385188,
  "scripts\\convert_front.js": 1772895861.7346852,
  "server\\server.js": 1776495471.6973126,
  "server\\config\\db.js": 1772868750.194199,
  "server\\middleware\\auth.js": 1776495471.6973126,
  "server\\models\\Exercise.js": 1772868764.6170964,
  "server\\models\\FoodItem.js": 1773144165.5820093,
  "server\\models\\MealEntry.js": 1773144165.5820093,
  "server\\models\\PlatformSettings.js": 1775283458.9393659,
  "server\\models\\User.js": 1773220437.4678938,
  "server\\models\\WorkoutSession.js": 1772868768.1488101,
  "server\\routes\\adminPanel.js": 1776495471.6973126,
  "server\\routes\\analytics.js": 1776495471.6973126,
  "server\\routes\\auth.js": 1776495471.6973126,
  "server\\routes\\exercises.js": 1772868804.4282384,
  "server\\routes\\foods.js": 1773144332.680873,
  "server\\routes\\meals.js": 1776495471.6973126,
  "server\\routes\\superAdmin.js": 1775283458.9403732,
  "server\\routes\\voice.js": 1776495471.6973126,
  "server\\routes\\workouts.js": 1776495471.6973126,
  "server\\seed\\seedData.js": 1775283458.9403732,
  "server\\seed\\seedSuperAdmin.js": 1773220485.1210208,
  "client\\README.md": 1771500689.8729246,
  "graphify-out\\GRAPH_REPORT.md": 1776501560.2249024,
  "client\\public\\logo.jpg": 1775283458.927713,
  "client\\public\\logo1.png": 1775283458.9282665,
  "client\\public\\logo2.jpg": 1775283458.9292917,
  "client\\public\\vite.svg": 1771500689.901358,
  "client\\src\\assets\\react.svg": 1771500689.884655,
  "client\\src\\components\\back-body.svg": 1772874116.3444142,
  "client\\src\\components\\body_map.svg": 1772895705.1283977
}