{
  "client\\src\\App.tsx": 1776502866.326269,
  "client\\src\\main.tsx": 1776502866.25863,
  "client\\src\\components\\BottomNav.tsx": 1776502858.079742,
  "client\\src\\pages\\AuthPage.tsx": 1776502882.0023158,
  "client\\src\\pages\\NutritionPage.tsx": 1776502935.805942,
  "client\\src\\pages\\ProfilePage.tsx": 1776502897.3746345,
  "client\\src\\pages\\WorkoutsPage.tsx": 1776502911.3948243,
  "client\\src\\pages\\admin\\AdminRegisterPage.tsx": 1776502965.8786428,
  "client\\src\\pages\\admin\\MembersPage.tsx": 1776502949.3455553,
  "client\\src\\pages\\superadmin\\AllUsersPage.tsx": 1776502984.9721684,
  "client\\src\\pages\\superadmin\\ExercisesPage.tsx": 1776502985.1077058,
  "client\\src\\pages\\superadmin\\FoodsPage.tsx": 1776502986.2188883,
  "MOBILE_FIRST_CHANGES.md": 1776503037.5028267
}